Imię (imiona);Nazwisko;Data ur.;Miejsce ur.;PESEL;Email;Telefon;Płeć
Honorata Antonina;Borowska;23.12.2005;Warszawa;5322317589;borowskaha@xd.pl;409789456;Kobieta
Celina;Czostek;11.01.2006;Warszawa;6211115963;celczos@smail.com;410554859;Kobieta
Oksana;Dudek;09.02.2006;Wołomin;6220916347;dudekoksana@inet.pl;411951623;Kobieta
Tomasz Marek;Gajewski;26.07.2005;Warszawa;5272664879;tommargaj@xd.pl;478951847;Mężczyzna
Alicja Anna;Głowacka;07.05.2005;Warszawa;5250706585;alicja.glowacka@inet.pl;499325656;Kobieta
Agnieszka;Jasińska;17.07.2006;Warszawa;6271733389;agnieszkajas@xd.pl;451622656;Kobieta
Magdalena Agnieszka;Kalinowska;22.07.2005;Warszawa;5272246469;kalinowska.magda@inet.pl;488654123;Kobieta
Bożena;Kędzierska;19.01.2005;Warszawa;5211934622;bozenkak@ups.pl;462321456;Kobieta
Andrzej Jan;Klimek;25.01.2006;Columbus, OH;6212599898;andrewklimek@xd.pl;409245484;Mężczyzna
Izabela;Krawczyk;22.12.2006;Warszawa;6322232760;izakrawczyk@smail.com;400226674;Kobieta
Dominika Joanna;Łuczak;05.04.2006;Warszawa;6240574120;domaluczak@smail.com;401112115;Kobieta
Olaf;Majchrzak;14.05.2006;Wołomin;6251485230;majolaf@smail.com;403332656;Mężczyzna
Maciej Andrzej;Mehring;02.11.2006;Warszawa;6310223936;mehringmc@inet.pl;456118899;Mężczyzna
Mateusz;Mikusek;09.07.2005;Warszawa;5270907075;matimikusek@smail.com;423147445;Mężczyzna
Jadwiga;Musiałowska;11.11.2005;Warszawa;5311136521;jadziamusialowska@inet.pl;407183384;Kobieta
Jakub Jan;Nowak;06.08.2006;Warszawa;6280612454;nowak.jakub@smail.com;408771378;Mężczyzna
Antonina;Pałczak;19.07.2005;Warszawa;5271944767;tosia.palczak@ups.pl;425852882;Kobieta
Anna Maria;Pietrucha;27.04.2005;Warszawa;5242755441;pietruszkaa@xd.pl;411568923;Kobieta
Paweł;Przybylski;24.04.2006;Warszawa;6242479135;przybylasp@smail.com;402487989;Mężczyzna
Joshua Paweł;Smith;20.05.2006;Warszawa;6252066770;smith.joshua@smail.com;403899663;Mężczyzna
Daniel Jan;Socha;21.04.2006;Monachium;6242115979;djsocha@xd.pl;404505616;Mężczyzna
Jan Michał;Stasiak;28.05.2005;Warszawa;5252836698;stasiakjan@inet.pl;405480084;Mężczyzna
Sylwia;Szymczak;29.03.2005;Konin;5232901383;sylwiaszy@smail.com;406890109;Kobieta
Piotr;Urbaniak;15.07.2005;Szczecin;5271507899;urbanpiotr@smail.com;407102808;Mężczyzna
Roman Witold;Wacławski;14.09.2006;Warszawa;6291420918;romekwaclaw@xd.pl;410220330;Mężczyzna
Weronika;Witkowska;03.08.2005;Warszawa;5280318222;werwit@smail.com;489654002;Kobieta
Magdalena Maria;Zając;24.07.2006;Pruszków;6272488365;magda.zajac@inet.pl;413141213;Kobieta
Róża;Zielińska;30.11.2005;Warszawa;5313071505;roza.zielinska@smail.com;416182022;Kobieta
